,rules,support,confidence,lift,count
87,{} => { whole milk},0.252941176,0.252941176,1,1075
85,{} => { rolls/buns},0.194352941,0.194352941,1,826
86,{} => { other vegetables},0.193411765,0.193411765,1,822
83,{} => { soda},0.179294118,0.179294118,1,762
84,{} => { yogurt},0.14,0.14,1,595
80,{} => { bottled water},0.119058824,0.119058824,1,506
82,{} => { root vegetables},0.110352941,0.110352941,1,469
76,{} => { shopping bags},0.100705882,0.100705882,1,428
81,{} => { tropical fruit},0.100235294,0.100235294,1,426
78,{} => { pastry},0.093176471,0.093176471,1,396
75,{} => { sausage},0.089647059,0.089647059,1,381
79,{} => { citrus fruit},0.088235294,0.088235294,1,375
52,{} => { canned beer},0.082117647,0.082117647,1,349
64,{} => { bottled beer},0.081176471,0.081176471,1,345
77,{} => { whipped/sour cream},0.076470588,0.076470588,1,325
74,{} => { pip fruit},0.075529412,0.075529412,1,321
67,{} => { newspapers},0.073411765,0.073411765,1,312
73,{} => { fruit/vegetable juice},0.073411765,0.073411765,1,312
601,"{ tropical fruit, whipped/sour cream} => { whole milk}",0.010352941,0.676923077,2.676207513,44
625,"{ citrus fruit, root vegetables} => { other vegetables}",0.012,0.64556962,3.337799131,51
72,{} => { domestic eggs},0.067294118,0.067294118,1,286
66,{} => { coffee},0.064705882,0.064705882,1,275
71,{} => { margarine},0.063294118,0.063294118,1,269
68,{} => { frankfurter},0.062588235,0.062588235,1,266
65,{} => { brown bread},0.060235294,0.060235294,1,256
571,"{ butter, other vegetables} => { whole milk}",0.013647059,0.630434783,2.492416582,58
568,"{ curd, other vegetables} => { whole milk}",0.011058824,0.602564103,2.382230173,47
565,"{ curd, yogurt} => { whole milk}",0.011764706,0.602409639,2.381619501,50
583,"{ fruit/vegetable juice, yogurt} => { whole milk}",0.011764706,0.602409639,2.381619501,50
70,{} => { butter},0.057882353,0.057882353,1,246
62,{} => { pork},0.057647059,0.057647059,1,245
69,{} => { curd},0.056,0.056,1,238
61,{} => { napkins},0.051294118,0.051294118,1,218
63,{} => { frozen vegetables},0.051294118,0.051294118,1,218
60,{} => { beef},0.051058824,0.051058824,1,217
664,"{ root vegetables, yogurt} => { whole milk}",0.015764706,0.577586207,2.283480353,67
652,"{ tropical fruit, yogurt} => { whole milk}",0.015529412,0.573913043,2.268958544,66
607,"{ whipped/sour cream, yogurt} => { whole milk}",0.012,0.573033708,2.265482101,51
562,"{ frozen vegetables, other vegetables} => { whole milk}",0.010117647,0.565789474,2.236842105,43
595,"{ other vegetables, pip fruit} => { whole milk}",0.015058824,0.561403509,2.219502244,64
88,{ baking powder} => { whole milk},0.011294118,0.558139535,2.206598161,48
643,"{ root vegetables, tropical fruit} => { other vegetables}",0.012,0.554347826,2.866153602,51
628,"{ citrus fruit, root vegetables} => { whole milk}",0.010117647,0.544303797,2.151898734,43
646,"{ root vegetables, tropical fruit} => { whole milk}",0.011764706,0.543478261,2.148634985,50
580,"{ fruit/vegetable juice, yogurt} => { other vegetables}",0.010588235,0.542168675,2.803183537,45
56,{} => { chocolate},0.044,0.044,1,187
592,"{ pip fruit, yogurt} => { whole milk}",0.011058824,0.540229885,2.135792569,47
610,"{ other vegetables, whipped/sour cream} => { whole milk}",0.016470588,0.526315789,2.080783354,70
700,"{ other vegetables, yogurt} => { whole milk}",0.024,0.517766497,2.046983827,102
604,"{ whipped/sour cream, yogurt} => { other vegetables}",0.010823529,0.516853933,2.672298313,46
59,{} => { chicken},0.041647059,0.041647059,1,177
57,{} => { white bread},0.040705882,0.040705882,1,173
58,{} => { cream cheese },0.04,0.04,1,170
50,{} => { salty snack},0.038588235,0.038588235,1,164
54,{} => { waffles},0.038588235,0.038588235,1,164
53,{} => { dessert},0.038117647,0.038117647,1,162
631,"{ citrus fruit, yogurt} => { whole milk}",0.011529412,0.510416667,2.017926357,49
577,"{ domestic eggs, other vegetables} => { whole milk}",0.012470588,0.509615385,2.014758497,53
55,{} => { sugar},0.036705882,0.036705882,1,156
670,"{ rolls/buns, root vegetables} => { whole milk}",0.013411765,0.508928571,2.012043189,57
308,{ curd} => { whole milk},0.028,0.5,1.976744186,119
324,{ butter} => { whole milk},0.028705882,0.495934959,1.960673095,122
589,"{ pip fruit, yogurt} => { other vegetables}",0.010117647,0.494252874,2.555443689,43
673,"{ other vegetables, root vegetables} => { whole milk}",0.022823529,0.48989899,1.93680996,97
586,"{ fruit/vegetable juice, other vegetables} => { whole milk}",0.010823529,0.489361702,1.934685799,46
51,{} => { long life bakery product},0.035764706,0.035764706,1,152
622,"{ citrus fruit, tropical fruit} => { whole milk}",0.010823529,0.489361702,1.934685799,46
649,"{ tropical fruit, yogurt} => { other vegetables}",0.013176471,0.486956522,2.517719243,56
104,{ ham} => { whole milk},0.013176471,0.486956522,1.925176946,56
581,"{ fruit/vegetable juice, other vegetables} => { yogurt}",0.010588235,0.478723404,3.419452888,45
634,"{ citrus fruit, other vegetables} => { whole milk}",0.015529412,0.47826087,1.890798787,66
470,{ whipped/sour cream} => { whole milk},0.036470588,0.476923077,1.885509839,155
48,{} => { hamburger meat},0.033882353,0.033882353,1,144
49,{} => { onions},0.033882353,0.033882353,1,144
43,{} => { UHT-milk},0.033411765,0.033411765,1,142
572,"{ butter, whole milk} => { other vegetables}",0.013647059,0.475409836,2.458019225,58
661,"{ root vegetables, yogurt} => { other vegetables}",0.012941176,0.474137931,2.451443074,55
674,"{ root vegetables, whole milk} => { other vegetables}",0.022823529,0.470873786,2.434566414,97
619,"{ citrus fruit, tropical fruit} => { other vegetables}",0.010352941,0.468085106,2.420148056,44
574,"{ margarine, other vegetables} => { whole milk}",0.010352941,0.468085106,1.850569025,44
658,"{ other vegetables, tropical fruit} => { whole milk}",0.016941176,0.467532468,1.848384174,72
47,{} => { hygiene articles},0.032235294,0.032235294,1,137
45,{} => { berries},0.031294118,0.031294118,1,133
178,{ cream cheese } => { whole milk},0.018588235,0.464705882,1.837209302,79
596,"{ pip fruit, whole milk} => { other vegetables}",0.015058824,0.460431655,2.38057729,64
228,{ frozen vegetables} => { whole milk},0.023529412,0.458715596,1.813526776,100
124,{ onions} => { other vegetables},0.015529412,0.458333333,2.369728305,66
46,{} => { oil},0.030352941,0.030352941,1,129
598,"{ sausage, soda} => { rolls/buns}",0.010823529,0.455445545,2.343394146,46
611,"{ whipped/sour cream, whole milk} => { other vegetables}",0.016470588,0.451612903,2.334981556,70
41,{} => { candy},0.029882353,0.029882353,1,127
100,{ sliced cheese} => { whole milk},0.010823529,0.450980392,1.782945736,46
366,{ domestic eggs} => { whole milk},0.030117647,0.447552448,1.769393397,128
31,{} => { misc. beverages},0.028941176,0.028941176,1,123
32,{} => { specialty chocolate},0.028941176,0.028941176,1,123
120,{ hamburger meat} => { whole milk},0.015058824,0.444444444,1.757105943,64
635,"{ citrus fruit, whole milk} => { other vegetables}",0.015529412,0.44,2.274939173,66
655,"{ rolls/buns, tropical fruit} => { whole milk}",0.011058824,0.439252336,1.736579005,47
540,{ root vegetables} => { whole milk},0.048470588,0.439232409,1.736500223,206
703,"{ other vegetables, rolls/buns} => { whole milk}",0.019529412,0.439153439,1.736188015,83
667,"{ rolls/buns, root vegetables} => { other vegetables}",0.011529412,0.4375,2.262013382,49
697,"{ rolls/buns, yogurt} => { whole milk}",0.015294118,0.436241611,1.724676135,65
40,{} => { butter milk},0.028,0.028,1,119
616,"{ other vegetables, pastry} => { whole milk}",0.010352941,0.435643564,1.722311766,44
412,{ pip fruit} => { whole milk},0.032705882,0.433021807,1.711946678,139
563,"{ frozen vegetables, whole milk} => { other vegetables}",0.010117647,0.43,2.22323601,43
182,{ chicken} => { whole milk},0.017882353,0.429378531,1.69754303,76
342,{ margarine} => { whole milk},0.027058824,0.427509294,1.690153022,115
682,"{ soda, yogurt} => { whole milk}",0.013882353,0.424460432,1.678099381,59
27,{} => { specialty bar},0.027058824,0.027058824,1,115
44,{} => { ham},0.027058824,0.027058824,1,115
584,"{ fruit/vegetable juice, whole milk} => { yogurt}",0.011764706,0.423728814,3.026634383,50
554,{ yogurt} => { whole milk},0.059294118,0.423529412,1.674418605,252
538,{ root vegetables} => { other vegetables},0.046588235,0.42217484,2.182777458,198
637,"{ bottled water, yogurt} => { whole milk}",0.010588235,0.420560748,1.662682026,45
530,{ tropical fruit} => { whole milk},0.042117647,0.420187793,1.661207555,179
28,{} => { beverages},0.026823529,0.026823529,1,114
566,"{ curd, whole milk} => { yogurt}",0.011764706,0.420168067,3.00120048,50
691,"{ other vegetables, soda} => { whole milk}",0.015294118,0.419354839,1.657914479,65
158,{ sugar} => { whole milk},0.015294118,0.416666667,1.647286822,65
578,"{ domestic eggs, whole milk} => { other vegetables}",0.012470588,0.4140625,2.140834094,53
90,{ meat} => { whole milk},0.010117647,0.40952381,1.619047619,43
468,{ whipped/sour cream} => { other vegetables},0.031294118,0.409230769,2.115852517,133
102,{ ham} => { other vegetables},0.011058824,0.408695652,2.113085793,47
180,{ chicken} => { other vegetables},0.016941176,0.406779661,2.103179513,72
37,{} => { frozen meals},0.025647059,0.025647059,1,109
701,"{ whole milk, yogurt} => { other vegetables}",0.024,0.404761905,2.092747074,102
659,"{ tropical fruit, whole milk} => { other vegetables}",0.016941176,0.402234637,2.0796803,72
504,{ citrus fruit} => { whole milk},0.035294118,0.4,1.581395349,150
613,"{ pastry, rolls/buns} => { whole milk}",0.010352941,0.4,1.581395349,44
640,"{ bottled water, other vegetables} => { whole milk}",0.011294118,0.396694215,1.568325966,48
569,"{ curd, whole milk} => { other vegetables}",0.011058824,0.394957983,2.042057699,47
96,{ butter milk} => { whole milk},0.011058824,0.394957983,1.561461794,47
92,{ frozen meals} => { whole milk},0.010117647,0.394495413,1.559633028,43
116,{ hygiene articles} => { whole milk},0.012705882,0.394160584,1.558309285,54
254,{ brown bread} => { whole milk},0.023529412,0.390625,1.544331395,100
36,{} => { meat},0.024705882,0.024705882,1,105
587,"{ fruit/vegetable juice, whole milk} => { other vegetables}",0.010823529,0.389830508,2.015547033,46
216,{ pork} => { whole milk},0.022352941,0.387755102,1.532985287,95
26,{} => { ice cream},0.024470588,0.024470588,1,104
192,{ beef} => { whole milk},0.019764706,0.387096774,1.530382596,84
154,{ waffles} => { whole milk},0.014823529,0.384146341,1.518718094,63
108,{ berries} => { whole milk},0.012,0.383458647,1.515999301,51
575,"{ margarine, whole milk} => { other vegetables}",0.010352941,0.382608696,1.978207976,44
42,{} => { sliced cheese},0.024,0.024,1,102
134,{ long life bakery product} => { whole milk},0.013647059,0.381578947,1.508567931,58
170,{ white bread} => { whole milk},0.015529412,0.38150289,1.50826724,66
390,{ fruit/vegetable juice} => { whole milk},0.027764706,0.378205128,1.495229577,118
590,"{ other vegetables, pip fruit} => { yogurt}",0.010117647,0.377192982,2.694235589,43
560,{ other vegetables} => { whole milk},0.072941176,0.377128954,1.490974934,310
322,{ butter} => { other vegetables},0.021647059,0.37398374,1.933614227,92
292,{ frankfurter} => { rolls/buns},0.023294118,0.372180451,1.914972055,99
39,{} => { cat food},0.023529412,0.023529412,1,100
206,{ napkins} => { whole milk},0.019058824,0.371559633,1.468956689,81
214,{ pork} => { other vegetables},0.021411765,0.371428571,1.920403198,91
488,{ pastry} => { whole milk},0.034588235,0.371212121,1.467582805,147
176,{ cream cheese } => { other vegetables},0.014823529,0.370588235,1.916058394,63
38,{} => { hard cheese},0.023058824,0.023058824,1,98
94,{ butter milk} => { other vegetables},0.010352941,0.369747899,1.911713591,44
626,"{ citrus fruit, other vegetables} => { root vegetables}",0.012,0.369565217,3.348938537,51
653,"{ tropical fruit, whole milk} => { yogurt}",0.015529412,0.368715084,2.63367917,66
118,{ hamburger meat} => { other vegetables},0.012470588,0.368055556,1.902963639,53
502,{ citrus fruit} => { other vegetables},0.032470588,0.368,1.902676399,138
692,"{ soda, whole milk} => { other vegetables}",0.015294118,0.365168539,1.888036852,65
18,{} => { chewing gum},0.022352941,0.022352941,1,95
599,"{ rolls/buns, sausage} => { soda}",0.010823529,0.365079365,2.036203808,46
364,{ domestic eggs} => { other vegetables},0.024470588,0.363636364,1.880115019,104
650,"{ other vegetables, tropical fruit} => { yogurt}",0.013176471,0.363636364,2.597402597,56
528,{ tropical fruit} => { other vegetables},0.036235294,0.361502347,1.86908148,154
679,"{ soda, yogurt} => { other vegetables}",0.011764706,0.35971223,1.859826008,50
676,"{ soda, yogurt} => { rolls/buns}",0.011764706,0.35971223,1.850819586,50
146,{ dessert} => { whole milk},0.013647059,0.358024691,1.415446454,58
112,{ oil} => { whole milk},0.010823529,0.356589147,1.409771047,46
410,{ pip fruit} => { other vegetables},0.026823529,0.355140187,1.836187098,114
98,{ candy} => { whole milk},0.010588235,0.354330709,1.400842337,45
340,{ margarine} => { other vegetables},0.022117647,0.349442379,1.80672763,94
280,{ newspapers} => { whole milk},0.025647059,0.349358974,1.381186643,109
302,{ curd} => { yogurt},0.019529412,0.348739496,2.490996399,83
226,{ frozen vegetables} => { other vegetables},0.017882353,0.348623853,1.802495591,76
605,"{ other vegetables, whipped/sour cream} => { yogurt}",0.010823529,0.345864662,2.470461869,46
694,"{ rolls/buns, yogurt} => { other vegetables}",0.012,0.342281879,1.76970558,51
686,"{ other vegetables, soda} => { rolls/buns}",0.012470588,0.341935484,1.759353277,53
17,{} => { red/blush wine},0.021176471,0.021176471,1,90
24,{} => { pot plants},0.021176471,0.021176471,1,90
172,{ cream cheese } => { yogurt},0.013647059,0.341176471,2.43697479,58
110,{ oil} => { other vegetables},0.010352941,0.341085271,1.763518739,44
190,{ beef} => { other vegetables},0.017411765,0.341013825,1.763149338,74
156,{ sugar} => { other vegetables},0.012470588,0.33974359,1.75658182,53
20,{} => { dishes},0.020705882,0.020705882,1,88
593,"{ pip fruit, whole milk} => { yogurt}",0.011058824,0.338129496,2.415210689,47
678,"{ rolls/buns, yogurt} => { soda}",0.011764706,0.33557047,1.871620074,50
168,{ white bread} => { other vegetables},0.013647059,0.335260116,1.733400841,58
704,"{ rolls/buns, whole milk} => { other vegetables}",0.019529412,0.334677419,1.730388117,83
126,{ onions} => { whole milk},0.011294118,0.333333333,1.317829457,48
683,"{ soda, whole milk} => { yogurt}",0.013882353,0.331460674,2.367576244,59
35,{} => { baking powder},0.020235294,0.020235294,1,86
644,"{ other vegetables, tropical fruit} => { root vegetables}",0.012,0.331168831,3.000996871,51
552,{ yogurt} => { other vegetables},0.046352941,0.331092437,1.711852624,197
106,{ berries} => { other vegetables},0.010352941,0.330827068,1.710480581,44
430,{ sausage} => { rolls/buns},0.029647059,0.330708661,1.701588149,126
33,{} => { flour},0.02,0.02,1,85
702,"{ other vegetables, whole milk} => { yogurt}",0.024,0.329032258,2.350230415,102
608,"{ whipped/sour cream, whole milk} => { yogurt}",0.012,0.329032258,2.350230415,51
132,{ long life bakery product} => { other vegetables},0.011764706,0.328947368,1.700761941,50
114,{ hygiene articles} => { other vegetables},0.010588235,0.328467153,1.698279077,45
306,{ curd} => { other vegetables},0.018352941,0.327731092,1.69447341,78
632,"{ citrus fruit, whole milk} => { yogurt}",0.011529412,0.326666667,2.333333333,49
166,{ chocolate} => { whole milk},0.014352941,0.326203209,1.289640592,61
665,"{ root vegetables, whole milk} => { yogurt}",0.015764706,0.325242718,2.323162275,67
680,"{ other vegetables, soda} => { yogurt}",0.011764706,0.322580645,2.304147465,50
620,"{ citrus fruit, other vegetables} => { tropical fruit}",0.010352941,0.31884058,3.180921276,44
184,{ beef} => { root vegetables},0.016235294,0.31797235,2.881412555,69
30,{} => { grapes},0.019529412,0.019529412,1,83
296,{ frankfurter} => { whole milk},0.019764706,0.315789474,1.248470012,84
434,{ sausage} => { whole milk},0.028235294,0.31496063,1.245193188,120
675,"{ other vegetables, whole milk} => { root vegetables}",0.022823529,0.312903226,2.835476993,97
266,{ coffee} => { whole milk},0.020235294,0.312727273,1.236363636,86
252,{ brown bread} => { other vegetables},0.018823529,0.3125,1.615723844,80
128,{ salty snack} => { other vegetables},0.012,0.31097561,1.607842265,51
518,{ bottled water} => { whole milk},0.036941176,0.31027668,1.226675246,157
623,"{ citrus fruit, whole milk} => { tropical fruit}",0.010823529,0.306666667,3.059467919,46
641,"{ bottled water, whole milk} => { other vegetables}",0.011294118,0.305732484,1.580733646,48
122,{ onions} => { root vegetables},0.010352941,0.305555556,2.768893627,44
148,{ waffles} => { soda},0.011764706,0.304878049,1.700435311,50
25,{} => { detergent},0.019058824,0.019058824,1,81
142,{ dessert} => { yogurt},0.011529412,0.302469136,2.160493827,49
144,{ dessert} => { other vegetables},0.011529412,0.302469136,1.563861104,49
388,{ fruit/vegetable juice} => { other vegetables},0.022117647,0.301282051,1.557723501,94
558,{ rolls/buns} => { whole milk},0.058352941,0.300242131,1.187003773,248
29,{} => { pickled vegetables},0.018588235,0.018588235,1,79
617,"{ pastry, whole milk} => { other vegetables}",0.010352941,0.299319728,1.547577669,44
614,"{ pastry, whole milk} => { rolls/buns}",0.010352941,0.299319728,1.540083346,44
130,{ salty snack} => { whole milk},0.011529412,0.298780488,1.181225184,49
689,"{ soda, whole milk} => { rolls/buns}",0.012470588,0.297752809,1.532021112,53
160,{ chocolate} => { soda},0.012941176,0.294117647,1.640419948,55
188,{ beef} => { rolls/buns},0.014823529,0.290322581,1.493790518,63
561,{ whole milk} => { other vegetables},0.072941176,0.288372093,1.490974934,310
362,{ domestic eggs} => { rolls/buns},0.019294118,0.286713287,1.475219696,82
629,"{ citrus fruit, whole milk} => { root vegetables}",0.010117647,0.286666667,2.597725657,43
638,"{ bottled water, whole milk} => { yogurt}",0.010588235,0.286624204,2.047315742,45
432,{ sausage} => { other vegetables},0.025647059,0.286089239,1.479171855,109
5,{} => { white wine},0.017882353,0.017882353,1,76
621,"{ other vegetables, tropical fruit} => { citrus fruit}",0.010352941,0.285714286,3.238095238,44
651,"{ other vegetables, yogurt} => { tropical fruit}",0.013176471,0.284263959,2.835966731,56
34,{} => { soft cheese},0.017647059,0.017647059,1,75
602,"{ whipped/sour cream, whole milk} => { tropical fruit}",0.010352941,0.283870968,2.83204604,44
687,"{ other vegetables, rolls/buns} => { soda}",0.012470588,0.28042328,1.564040606,53
204,{ napkins} => { other vegetables},0.014352941,0.279816514,1.446739883,61
647,"{ tropical fruit, whole milk} => { root vegetables}",0.011764706,0.279329609,2.531238461,50
663,"{ other vegetables, yogurt} => { root vegetables}",0.012941176,0.279187817,2.529953568,55
164,{ chocolate} => { other vegetables},0.012235294,0.278074866,1.437735014,52
484,{ pastry} => { rolls/buns},0.025882353,0.277777778,1.429244014,110
662,"{ other vegetables, root vegetables} => { yogurt}",0.012941176,0.277777778,1.984126984,55
21,{} => { herbs},0.017176471,0.017176471,1,73
671,"{ root vegetables, whole milk} => { rolls/buns}",0.013411765,0.276699029,1.423693552,57
685,"{ rolls/buns, soda} => { other vegetables}",0.012470588,0.274611399,1.419827793,53
688,"{ rolls/buns, soda} => { whole milk}",0.012470588,0.274611399,1.085672973,53
150,{ waffles} => { rolls/buns},0.010588235,0.274390244,1.411814209,45
464,{ whipped/sour cream} => { yogurt},0.020941176,0.273846154,1.956043956,89
248,{ brown bread} => { yogurt},0.016470588,0.2734375,1.953125,70
406,{ pip fruit} => { yogurt},0.020470588,0.271028037,1.935914553,87
524,{ tropical fruit} => { yogurt},0.027058824,0.269953052,1.928236083,115
696,"{ other vegetables, rolls/buns} => { yogurt}",0.012,0.26984127,1.927437642,51
382,{ fruit/vegetable juice} => { soda},0.019764706,0.269230769,1.501615183,84
152,{ waffles} => { other vegetables},0.010352941,0.268292683,1.387158032,44
400,{ pip fruit} => { tropical fruit},0.020235294,0.267912773,2.672838694,86
705,"{ other vegetables, whole milk} => { rolls/buns}",0.019529412,0.267741935,1.377606811,83
384,{ fruit/vegetable juice} => { yogurt},0.019529412,0.266025641,1.90018315,83
276,{ newspapers} => { rolls/buns},0.019529412,0.266025641,1.368775998,83
23,{} => { pasta},0.016235294,0.016235294,1,69
666,"{ whole milk, yogurt} => { root vegetables}",0.015764706,0.265873016,2.409297052,67
426,{ sausage} => { soda},0.023764706,0.265091864,1.478530735,101
174,{ cream cheese } => { rolls/buns},0.010588235,0.264705882,1.361985472,45
442,{ shopping bags} => { soda},0.026588235,0.264018692,1.472545196,113
338,{ margarine} => { rolls/buns},0.016705882,0.26394052,1.358047472,71
22,{} => { semi-finished bread},0.016,0.016,1,68
656,"{ tropical fruit, whole milk} => { rolls/buns}",0.011058824,0.262569832,1.3509949,47
699,"{ rolls/buns, whole milk} => { yogurt}",0.015294118,0.262096774,1.872119816,65
654,"{ whole milk, yogurt} => { tropical fruit}",0.015529412,0.261904762,2.61289962,66
669,"{ other vegetables, rolls/buns} => { root vegetables}",0.011529412,0.259259259,2.34936429,49
677,"{ rolls/buns, soda} => { yogurt}",0.011764706,0.259067358,1.850481125,50
695,"{ other vegetables, yogurt} => { rolls/buns}",0.012,0.258883249,1.332026401,51
698,"{ whole milk, yogurt} => { rolls/buns}",0.015294118,0.257936508,1.327155156,65
627,"{ other vegetables, root vegetables} => { citrus fruit}",0.012,0.257575758,2.919191919,51
645,"{ other vegetables, root vegetables} => { tropical fruit}",0.012,0.257575758,2.569711196,51
210,{ pork} => { soda},0.014823529,0.257142857,1.434195726,63
624,"{ tropical fruit, whole milk} => { citrus fruit}",0.010823529,0.25698324,2.912476723,46
510,{ bottled water} => { soda},0.030588235,0.256916996,1.432936002,130
498,{ citrus fruit} => { yogurt},0.022588235,0.256,1.828571429,96
486,{ pastry} => { other vegetables},0.023764706,0.255050505,1.318691784,101
450,{ shopping bags} => { whole milk},0.025647059,0.254672897,1.006846338,109
681,"{ other vegetables, yogurt} => { soda}",0.011764706,0.253807107,1.415590818,50
544,{ soda} => { rolls/buns},0.045411765,0.25328084,1.303200447,193
200,{ napkins} => { yogurt},0.012941176,0.252293578,1.802096986,55
242,{ bottled beer} => { whole milk},0.020470588,0.252173913,0.996966633,87
526,{ tropical fruit} => { rolls/buns},0.025176471,0.251173709,1.292358672,107
492,{ citrus fruit} => { tropical fruit},0.022117647,0.250666667,2.500782473,94
550,{ yogurt} => { rolls/buns},0.035058824,0.250420168,1.288481494,149
320,{ butter} => { rolls/buns},0.014352941,0.24796748,1.27586173,61
222,{ frozen vegetables} => { yogurt},0.012705882,0.247706422,1.769331586,54
202,{ napkins} => { rolls/buns},0.012705882,0.247706422,1.274518515,54
668,"{ other vegetables, root vegetables} => { rolls/buns}",0.011529412,0.247474747,1.273326485,49
534,{ root vegetables} => { yogurt},0.027294118,0.247334755,1.76667682,116
603,"{ tropical fruit, whole milk} => { whipped/sour cream}",0.010352941,0.245810056,3.214439192,44
448,{ shopping bags} => { other vegetables},0.024705882,0.245327103,1.268418719,105
220,{ frozen vegetables} => { root vegetables},0.012470588,0.243119266,2.203106356,53
648,"{ root vegetables, whole milk} => { tropical fruit}",0.011764706,0.242718447,2.42148685,50
539,{ other vegetables} => { root vegetables},0.046588235,0.240875912,2.182777458,198
162,{ chocolate} => { rolls/buns},0.010588235,0.240641711,1.238168611,45
500,{ citrus fruit} => { rolls/buns},0.021176471,0.24,1.234866828,90
460,{ whipped/sour cream} => { root vegetables},0.018352941,0.24,2.174840085,78
318,{ butter} => { yogurt},0.013882353,0.239837398,1.713124274,59
553,{ other vegetables} => { yogurt},0.046352941,0.239659367,1.711852624,197
516,{ bottled water} => { other vegetables},0.028470588,0.239130435,1.236379985,121
536,{ root vegetables} => { rolls/buns},0.026352941,0.23880597,1.228723212,112
600,"{ rolls/buns, soda} => { sausage}",0.010823529,0.238341969,2.658670257,46
208,{ pork} => { root vegetables},0.013647059,0.236734694,2.145250424,58
316,{ butter} => { root vegetables},0.013647059,0.235772358,2.136529894,58
555,{ whole milk} => { yogurt},0.059294118,0.234418605,1.674418605,252
246,{ brown bread} => { soda},0.014117647,0.234375,1.307209646,60
360,{ domestic eggs} => { yogurt},0.015764706,0.234265734,1.673326673,67
336,{ margarine} => { yogurt},0.014823529,0.234200743,1.672862454,63
684,"{ whole milk, yogurt} => { soda}",0.013882353,0.234126984,1.305826355,59
545,{ rolls/buns} => { soda},0.045411765,0.233656174,1.303200447,193
543,{ yogurt} => { soda},0.032705882,0.233613445,1.30296213,139
548,{ soda} => { whole milk},0.041882353,0.233595801,0.923518281,178
606,"{ other vegetables, yogurt} => { whipped/sour cream}",0.010823529,0.233502538,3.053494729,46
294,{ frankfurter} => { other vegetables},0.014588235,0.233082707,1.205111318,62
264,{ coffee} => { other vegetables},0.015058824,0.232727273,1.203273612,64
480,{ pastry} => { soda},0.021647059,0.232323232,1.29576606,92
660,"{ other vegetables, whole milk} => { tropical fruit}",0.016941176,0.232258065,2.317128578,72
428,{ sausage} => { yogurt},0.020705882,0.230971129,1.649793776,88
559,{ whole milk} => { rolls/buns},0.058352941,0.230697674,1.187003773,248
250,{ brown bread} => { rolls/buns},0.013882353,0.23046875,1.185825893,59
557,{ other vegetables} => { rolls/buns},0.044470588,0.229927007,1.183038476,189
672,"{ rolls/buns, whole milk} => { root vegetables}",0.013411765,0.22983871,2.082760162,57
556,{ rolls/buns} => { other vegetables},0.044470588,0.228813559,1.183038476,189
582,"{ other vegetables, yogurt} => { fruit/vegetable juice}",0.010588235,0.228426396,3.111577509,45
514,{ bottled water} => { rolls/buns},0.027058824,0.227272727,1.169381466,115
612,"{ other vegetables, whole milk} => { whipped/sour cream}",0.016470588,0.225806452,2.952853598,70
310,{ butter} => { whipped/sour cream},0.012941176,0.223577236,2.923702314,55
15,{} => { canned fish},0.014588235,0.014588235,1,62
298,{ curd} => { whipped/sour cream},0.012470588,0.222689076,2.912087912,53
304,{ curd} => { rolls/buns},0.012470588,0.222689076,1.145797302,53
493,{ tropical fruit} => { citrus fruit},0.022117647,0.220657277,2.500782473,94
212,{ pork} => { rolls/buns},0.012705882,0.220408163,1.134061373,54
356,{ domestic eggs} => { root vegetables},0.014823529,0.22027972,1.99613819,63
591,"{ other vegetables, yogurt} => { pip fruit}",0.010117647,0.218274112,2.889922039,43
278,{ newspapers} => { other vegetables},0.016,0.217948718,1.126863809,68
520,{ tropical fruit} => { root vegetables},0.021647059,0.215962441,1.957015726,92
218,{ frozen vegetables} => { tropical fruit},0.011058824,0.21559633,2.150902356,47
198,{ napkins} => { soda},0.011058824,0.21559633,1.202472971,47
16,{} => { processed cheese},0.014352941,0.014352941,1,61
19,{} => { frozen dessert},0.014352941,0.014352941,1,61
446,{ shopping bags} => { rolls/buns},0.021647059,0.214953271,1.105994433,92
482,{ pastry} => { yogurt},0.02,0.214646465,1.533189033,85
234,{ bottled beer} => { soda},0.017411765,0.214492754,1.196317852,74
690,"{ rolls/buns, whole milk} => { soda}",0.012470588,0.213709677,1.191950301,53
636,"{ other vegetables, whole milk} => { citrus fruit}",0.015529412,0.212903226,2.412903226,66
466,{ whipped/sour cream} => { rolls/buns},0.016235294,0.212307692,1.092382194,69
376,{ fruit/vegetable juice} => { bottled water},0.015529412,0.211538462,1.776755853,66
386,{ fruit/vegetable juice} => { rolls/buns},0.015529412,0.211538462,1.088424288,66
512,{ bottled water} => { yogurt},0.025176471,0.211462451,1.510446076,107
196,{ napkins} => { root vegetables},0.010823529,0.211009174,1.912130044,46
494,{ citrus fruit} => { root vegetables},0.018588235,0.210666667,1.909026297,79
358,{ domestic eggs} => { soda},0.014117647,0.20979021,1.170089753,60
693,"{ other vegetables, whole milk} => { soda}",0.015294118,0.209677419,1.169460672,65
630,"{ root vegetables, whole milk} => { citrus fruit}",0.010117647,0.208737864,2.365695793,43
240,{ bottled beer} => { other vegetables},0.016941176,0.208695652,1.079022533,72
597,"{ other vegetables, whole milk} => { pip fruit}",0.015058824,0.206451613,2.733393629,64
224,{ frozen vegetables} => { rolls/buns},0.010588235,0.206422018,1.062098763,45
332,{ margarine} => { root vegetables},0.012941176,0.204460967,1.852791275,55
546,{ soda} => { other vegetables},0.036470588,0.203412073,1.05170476,155
186,{ beef} => { yogurt},0.010352941,0.202764977,1.448321264,44
609,"{ whole milk, yogurt} => { whipped/sour cream}",0.012,0.202380952,2.646520147,51
272,{ newspapers} => { soda},0.014823529,0.201923077,1.126211387,63
401,{ tropical fruit} => { pip fruit},0.020235294,0.201877934,2.672838694,86
458,{ whipped/sour cream} => { tropical fruit},0.015294118,0.2,1.995305164,65
567,"{ whole milk, yogurt} => { curd}",0.011764706,0.198412698,3.5430839,50
585,"{ whole milk, yogurt} => { fruit/vegetable juice}",0.011764706,0.198412698,2.702737078,50
194,{ napkins} => { bottled water},0.010117647,0.197247706,1.656724807,43
521,{ root vegetables} => { tropical fruit},0.021647059,0.196162047,1.957015726,92
286,{ frankfurter} => { root vegetables},0.012235294,0.195488722,1.771486285,52
535,{ yogurt} => { root vegetables},0.027294118,0.194957983,1.76667682,116
633,"{ whole milk, yogurt} => { citrus fruit}",0.011529412,0.194444444,2.203703704,49
230,{ bottled beer} => { bottled water},0.015764706,0.194202899,1.631150828,67
525,{ yogurt} => { tropical fruit},0.027058824,0.193277311,1.928236083,115
408,{ pip fruit} => { rolls/buns},0.014588235,0.193146417,0.993792099,62
402,{ pip fruit} => { root vegetables},0.014588235,0.193146417,1.750260712,62
404,{ pip fruit} => { soda},0.014588235,0.193146417,1.077260202,62
262,{ coffee} => { rolls/buns},0.012470588,0.192727273,0.991635483,53
541,{ whole milk} => { root vegetables},0.048470588,0.191627907,1.736500223,206
657,"{ rolls/buns, whole milk} => { tropical fruit}",0.011058824,0.189516129,1.890712555,47
354,{ domestic eggs} => { tropical fruit},0.012705882,0.188811189,1.883679701,54
547,{ other vegetables} => { soda},0.036470588,0.188564477,1.05170476,155
288,{ frankfurter} => { soda},0.011764706,0.187969925,1.048388688,50
529,{ other vegetables} => { tropical fruit},0.036235294,0.187347932,1.86908148,154
573,"{ other vegetables, whole milk} => { butter}",0.013647059,0.187096774,3.232362969,58
312,{ butter} => { citrus fruit},0.010823529,0.18699187,2.119241192,46
594,"{ whole milk, yogurt} => { pip fruit}",0.011058824,0.186507937,2.469341839,47
328,{ margarine} => { bottled water},0.011764706,0.185873606,1.561191354,50
300,{ curd} => { root vegetables},0.010352941,0.18487395,1.675296984,44
290,{ frankfurter} => { yogurt},0.011529412,0.184210526,1.315789474,49
490,{ citrus fruit} => { bottled water},0.016235294,0.184,1.545454545,69
9,{} => { packaged fruit/vegetables},0.013176471,0.013176471,1,56
378,{ fruit/vegetable juice} => { tropical fruit},0.013411765,0.182692308,1.822634525,57
238,{ bottled beer} => { rolls/buns},0.014823529,0.182608696,0.939572587,63
542,{ soda} => { yogurt},0.032705882,0.182414698,1.30296213,139
346,{ domestic eggs} => { whipped/sour cream},0.012235294,0.181818182,2.377622378,52
462,{ whipped/sour cream} => { soda},0.013882353,0.181538462,1.012517666,59
522,{ tropical fruit} => { soda},0.018117647,0.180751174,1.008126625,77
398,{ pip fruit} => { citrus fruit},0.013647059,0.180685358,2.047767394,58
138,{ canned beer} => { soda},0.014823529,0.180515759,1.006813618,63
551,{ rolls/buns} => { yogurt},0.035058824,0.180387409,1.288481494,149
513,{ yogurt} => { bottled water},0.025176471,0.179831933,1.510446076,107
10,{} => { spread cheese},0.012941176,0.012941176,1,55
12,{} => { mustard},0.012941176,0.012941176,1,55
380,{ fruit/vegetable juice} => { root vegetables},0.013176471,0.179487179,1.62648297,56
314,{ butter} => { tropical fruit},0.010352941,0.178861789,1.784419253,44
639,"{ whole milk, yogurt} => { bottled water}",0.010588235,0.178571429,1.499858837,45
454,{ whipped/sour cream} => { citrus fruit},0.013647059,0.178461538,2.022564103,58
334,{ margarine} => { soda},0.011294118,0.178438662,0.995228756,48
615,"{ rolls/buns, whole milk} => { pastry}",0.010352941,0.177419355,1.904121864,44
507,{ tropical fruit} => { bottled water},0.017647059,0.176056338,1.478734064,75
532,{ root vegetables} => { soda},0.019294118,0.174840085,0.975157956,82
348,{ domestic eggs} => { pastry},0.011764706,0.174825175,1.876280285,50
260,{ coffee} => { yogurt},0.011294118,0.174545455,1.246753247,48
284,{ frankfurter} => { pastry},0.010823529,0.172932331,1.855965672,46
396,{ pip fruit} => { pastry},0.012941176,0.171339564,1.838871582,55
579,"{ other vegetables, whole milk} => { domestic eggs}",0.012470588,0.170967742,2.540604557,53
511,{ soda} => { bottled water},0.030588235,0.170603675,1.432936002,130
311,{ whipped/sour cream} => { butter},0.012941176,0.169230769,2.923702314,55
282,{ frankfurter} => { sausage},0.010588235,0.169172932,1.887099639,45
495,{ root vegetables} => { citrus fruit},0.018588235,0.168443497,1.909026297,79
244,{ brown bread} => { sausage},0.010117647,0.16796875,1.873667159,43
503,{ other vegetables} => { citrus fruit},0.032470588,0.167883212,1.902676399,138
350,{ domestic eggs} => { citrus fruit},0.011294118,0.167832168,1.902097902,48
258,{ coffee} => { soda},0.010823529,0.167272727,0.932951563,46
476,{ pastry} => { tropical fruit},0.015529412,0.166666667,1.662754304,66
274,{ newspapers} => { yogurt},0.012235294,0.166666667,1.19047619,52
531,{ whole milk} => { tropical fruit},0.042117647,0.166511628,1.661207555,179
461,{ root vegetables} => { whipped/sour cream},0.018352941,0.166311301,2.174840085,78
549,{ whole milk} => { soda},0.041882353,0.165581395,0.923518281,178
330,{ margarine} => { tropical fruit},0.010352941,0.163568773,1.63184809,44
299,{ whipped/sour cream} => { curd},0.012470588,0.163076923,2.912087912,53
469,{ other vegetables} => { whipped/sour cream},0.031294118,0.161800487,2.115852517,133
499,{ yogurt} => { citrus fruit},0.022588235,0.161344538,1.828571429,96
368,{ fruit/vegetable juice} => { pip fruit},0.011764706,0.16025641,2.121774902,50
347,{ whipped/sour cream} => { domestic eggs},0.012235294,0.16,2.377622378,52
326,{ margarine} => { domestic eggs},0.010117647,0.159851301,2.375412691,43
509,{ root vegetables} => { bottled water},0.017411765,0.157782516,1.325248405,74
414,{ sausage} => { shopping bags},0.014117647,0.157480315,1.56376481,60
11,{} => { seasonal products},0.012470588,0.012470588,1,53
352,{ domestic eggs} => { bottled water},0.010588235,0.157342657,1.32155394,45
372,{ fruit/vegetable juice} => { whipped/sour cream},0.011529412,0.157051282,2.053747535,49
444,{ shopping bags} => { yogurt},0.015764706,0.156542056,1.118157543,67
256,{ coffee} => { pastry},0.010117647,0.156363636,1.678145087,43
369,{ pip fruit} => { fruit/vegetable juice},0.011764706,0.15576324,2.121774902,50
477,{ tropical fruit} => { pastry},0.015529412,0.154929577,1.662754304,66
642,"{ other vegetables, whole milk} => { bottled water}",0.011294118,0.15483871,1.300522759,48
136,{ canned beer} => { shopping bags},0.012705882,0.154727794,1.536432531,54
496,{ citrus fruit} => { soda},0.013647059,0.154666667,0.86264217,58
399,{ citrus fruit} => { pip fruit},0.013647059,0.154666667,2.047767394,58
455,{ citrus fruit} => { whipped/sour cream},0.013647059,0.154666667,2.022564103,58
14,{} => { roll products },0.012235294,0.012235294,1,52
344,{ domestic eggs} => { sausage},0.010352941,0.153846154,1.716131637,44
459,{ tropical fruit} => { whipped/sour cream},0.015294118,0.15258216,1.995305164,65
431,{ rolls/buns} => { sausage},0.029647059,0.152542373,1.701588149,126
440,{ shopping bags} => { root vegetables},0.015294118,0.151869159,1.37621306,65
570,"{ other vegetables, whole milk} => { curd}",0.011058824,0.151612903,2.707373272,47
373,{ whipped/sour cream} => { fruit/vegetable juice},0.011529412,0.150769231,2.053747535,49
327,{ domestic eggs} => { margarine},0.010117647,0.15034965,2.375412691,43
416,{ sausage} => { pastry},0.013411765,0.149606299,1.605623161,57
465,{ yogurt} => { whipped/sour cream},0.020941176,0.149579832,1.956043956,89
140,{ canned beer} => { rolls/buns},0.012235294,0.148997135,0.766631746,52
588,"{ other vegetables, whole milk} => { fruit/vegetable juice}",0.010823529,0.148387097,2.021298594,46
443,{ soda} => { shopping bags},0.026588235,0.148293963,1.472545196,113
506,{ bottled water} => { tropical fruit},0.017647059,0.148221344,1.478734064,75
429,{ yogurt} => { sausage},0.020705882,0.14789916,1.649793776,88
517,{ other vegetables} => { bottled water},0.028470588,0.147201946,1.236379985,121
185,{ root vegetables} => { beef},0.016235294,0.147121535,2.881412555,69
508,{ bottled water} => { root vegetables},0.017411765,0.146245059,1.325248405,74
407,{ yogurt} => { pip fruit},0.020470588,0.146218487,1.935914553,87
519,{ whole milk} => { bottled water},0.036941176,0.146046512,1.226675246,157
374,{ fruit/vegetable juice} => { citrus fruit},0.010588235,0.144230769,1.634615385,45
471,{ whole milk} => { whipped/sour cream},0.036470588,0.144186047,1.885509839,155
417,{ pastry} => { sausage},0.013411765,0.143939394,1.605623161,57
483,{ yogurt} => { pastry},0.02,0.142857143,1.533189033,85
576,"{ other vegetables, whole milk} => { margarine}",0.010352941,0.141935484,2.242475117,44
618,"{ other vegetables, whole milk} => { pastry}",0.010352941,0.141935484,1.523297491,44
270,{ newspapers} => { tropical fruit},0.010352941,0.141025641,1.406945949,44
370,{ fruit/vegetable juice} => { shopping bags},0.010352941,0.141025641,1.400371435,44
268,{ newspapers} => { bottled water},0.010352941,0.141025641,1.184503902,44
415,{ shopping bags} => { sausage},0.014117647,0.140186916,1.56376481,60
392,{ pip fruit} => { sausage},0.010588235,0.140186916,1.56376481,45
505,{ whole milk} => { citrus fruit},0.035294118,0.139534884,1.581395349,150
303,{ yogurt} => { curd},0.019529412,0.139495798,2.490996399,83
385,{ yogurt} => { fruit/vegetable juice},0.019529412,0.139495798,1.90018315,83
515,{ rolls/buns} => { bottled water},0.027058824,0.139225182,1.169381466,115
397,{ pastry} => { pip fruit},0.012941176,0.138888889,1.838871582,55
437,{ pastry} => { shopping bags},0.012941176,0.138888889,1.379153686,55
564,"{ other vegetables, whole milk} => { frozen vegetables}",0.010117647,0.138709677,2.704202427,43
411,{ other vegetables} => { pip fruit},0.026823529,0.138686131,1.836187098,114
419,{ citrus fruit} => { sausage},0.012235294,0.138666667,1.546806649,52
473,{ citrus fruit} => { pastry},0.012235294,0.138666667,1.488215488,52
441,{ root vegetables} => { shopping bags},0.015294118,0.138592751,1.37621306,65
394,{ pip fruit} => { whipped/sour cream},0.010352941,0.137071651,1.792475437,44
489,{ whole milk} => { pastry},0.034588235,0.136744186,1.467582805,147
418,{ sausage} => { citrus fruit},0.012235294,0.13648294,1.546806649,52
424,{ sausage} => { root vegetables},0.012235294,0.13648294,1.2367857,52
491,{ bottled water} => { citrus fruit},0.016235294,0.136363636,1.545454545,69
537,{ rolls/buns} => { root vegetables},0.026352941,0.13559322,1.228723212,112
395,{ whipped/sour cream} => { pip fruit},0.010352941,0.135384615,1.792475437,44
357,{ root vegetables} => { domestic eggs},0.014823529,0.134328358,1.99613819,63
8,{} => { dish cleaner},0.011764706,0.011764706,1,50
13,{} => { mayonnaise},0.011764706,0.011764706,1,50
379,{ tropical fruit} => { fruit/vegetable juice},0.013411765,0.133802817,1.822634525,57
485,{ rolls/buns} => { pastry},0.025882353,0.133171913,1.429244014,110
433,{ other vegetables} => { sausage},0.025647059,0.132603406,1.479171855,109
427,{ soda} => { sausage},0.023764706,0.132545932,1.478530735,101
231,{ bottled water} => { bottled beer},0.015764706,0.132411067,1.631150828,67
452,{ whipped/sour cream} => { pastry},0.010117647,0.132307692,1.41996892,43
456,{ whipped/sour cream} => { bottled water},0.010117647,0.132307692,1.111280024,43
403,{ root vegetables} => { pip fruit},0.014588235,0.132196162,1.750260712,62
472,{ pastry} => { citrus fruit},0.012235294,0.131313131,1.488215488,52
420,{ sausage} => { bottled water},0.011764706,0.131233596,1.102258463,50
377,{ bottled water} => { fruit/vegetable juice},0.015529412,0.130434783,1.776755853,66
527,{ rolls/buns} => { tropical fruit},0.025176471,0.129539952,1.292358672,107
413,{ whole milk} => { pip fruit},0.032705882,0.129302326,1.711946678,139
422,{ sausage} => { tropical fruit},0.011529412,0.128608924,1.28307025,49
436,{ shopping bags} => { pastry},0.012941176,0.128504673,1.379153686,55
351,{ citrus fruit} => { domestic eggs},0.011294118,0.128,1.902097902,48
449,{ other vegetables} => { shopping bags},0.024705882,0.127737226,1.268418719,105
232,{ bottled beer} => { root vegetables},0.010352941,0.127536232,1.155712123,44
236,{ bottled beer} => { yogurt},0.010352941,0.127536232,0.910973085,44
355,{ tropical fruit} => { domestic eggs},0.012705882,0.126760563,1.883679701,54
365,{ other vegetables} => { domestic eggs},0.024470588,0.126520681,1.880115019,104
349,{ pastry} => { domestic eggs},0.011764706,0.126262626,1.876280285,50
137,{ shopping bags} => { canned beer},0.012705882,0.126168224,1.536432531,54
209,{ root vegetables} => { pork},0.013647059,0.123667377,2.145250424,58
317,{ root vegetables} => { butter},0.013647059,0.123667377,2.136529894,58
487,{ other vegetables} => { pastry},0.023764706,0.122871046,1.318691784,101
313,{ citrus fruit} => { butter},0.010823529,0.122666667,2.119241192,46
481,{ soda} => { pastry},0.021647059,0.120734908,1.29576606,92
375,{ citrus fruit} => { fruit/vegetable juice},0.010588235,0.12,1.634615385,45
293,{ rolls/buns} => { frankfurter},0.023294118,0.119854722,1.914972055,99
381,{ root vegetables} => { fruit/vegetable juice},0.013176471,0.119402985,1.62648297,56
367,{ whole milk} => { domestic eggs},0.030117647,0.119069767,1.769393397,128
283,{ sausage} => { frankfurter},0.010588235,0.118110236,1.887099639,45
393,{ sausage} => { pip fruit},0.010588235,0.118110236,1.56376481,45
249,{ yogurt} => { brown bread},0.016470588,0.117647059,1.953125,70
2,{} => { photo/film},0.011294118,0.011294118,1,48
7,{} => { frozen fish},0.011294118,0.011294118,1,48
439,{ tropical fruit} => { shopping bags},0.011764706,0.117370892,1.165481989,50
333,{ root vegetables} => { margarine},0.012941176,0.117270789,1.852791275,55
438,{ shopping bags} => { tropical fruit},0.011764706,0.11682243,1.165481989,50
285,{ pastry} => { frankfurter},0.010823529,0.116161616,1.855965672,46
478,{ pastry} => { root vegetables},0.010823529,0.116161616,1.052637247,46
474,{ pastry} => { bottled water},0.010823529,0.116161616,0.975665748,46
345,{ sausage} => { domestic eggs},0.010352941,0.115485564,1.716131637,44
423,{ tropical fruit} => { sausage},0.011529412,0.115023474,1.28307025,49
341,{ other vegetables} => { margarine},0.022117647,0.114355231,1.80672763,94
389,{ other vegetables} => { fruit/vegetable juice},0.022117647,0.114355231,1.557723501,94
325,{ whole milk} => { butter},0.028705882,0.113488372,1.960673095,122
221,{ root vegetables} => { frozen vegetables},0.012470588,0.113006397,2.203106356,53
245,{ sausage} => { brown bread},0.010117647,0.112860892,1.873667159,43
361,{ yogurt} => { domestic eggs},0.015764706,0.112605042,1.673326673,67
445,{ yogurt} => { shopping bags},0.015764706,0.112605042,1.118157543,67
323,{ other vegetables} => { butter},0.021647059,0.111922141,1.933614227,92
435,{ whole milk} => { sausage},0.028235294,0.111627907,1.245193188,120
447,{ rolls/buns} => { shopping bags},0.021647059,0.111380145,1.105994433,92
3,{} => { cake bar},0.011058824,0.011058824,1,47
287,{ root vegetables} => { frankfurter},0.012235294,0.1108742,1.771486285,52
425,{ root vegetables} => { sausage},0.012235294,0.1108742,1.2367857,52
215,{ other vegetables} => { pork},0.021411765,0.110705596,1.920403198,91
309,{ whole milk} => { curd},0.028,0.110697674,1.976744186,119
219,{ tropical fruit} => { frozen vegetables},0.011058824,0.110328638,2.150902356,47
383,{ soda} => { fruit/vegetable juice},0.019764706,0.11023622,1.501615183,84
391,{ whole milk} => { fruit/vegetable juice},0.027764706,0.109767442,1.495229577,118
501,{ rolls/buns} => { citrus fruit},0.021176471,0.108958838,1.234866828,90
257,{ pastry} => { coffee},0.010117647,0.108585859,1.678145087,43
453,{ pastry} => { whipped/sour cream},0.010117647,0.108585859,1.41996892,43
533,{ soda} => { root vegetables},0.019294118,0.107611549,0.975157956,82
343,{ whole milk} => { margarine},0.027058824,0.106976744,1.690153022,115
337,{ yogurt} => { margarine},0.014823529,0.105882353,1.672862454,63
315,{ tropical fruit} => { butter},0.010352941,0.103286385,1.784419253,44
331,{ tropical fruit} => { margarine},0.010352941,0.103286385,1.63184809,44
271,{ tropical fruit} => { newspapers},0.010352941,0.103286385,1.406945949,44
371,{ shopping bags} => { fruit/vegetable juice},0.010352941,0.102803738,1.400371435,44
281,{ whole milk} => { newspapers},0.025647059,0.101395349,1.381186643,109
451,{ whole milk} => { shopping bags},0.025647059,0.101395349,1.006846338,109
523,{ soda} => { tropical fruit},0.018117647,0.101049869,1.008126625,77
277,{ rolls/buns} => { newspapers},0.019529412,0.100484262,1.368775998,83
363,{ rolls/buns} => { domestic eggs},0.019294118,0.099273608,1.475219696,82
319,{ yogurt} => { butter},0.013882353,0.099159664,1.713124274,59
329,{ bottled water} => { margarine},0.011764706,0.098814229,1.561191354,50
421,{ bottled water} => { sausage},0.011764706,0.098814229,1.102258463,50
197,{ root vegetables} => { napkins},0.010823529,0.098081023,1.912130044,46
479,{ root vegetables} => { pastry},0.010823529,0.098081023,1.052637247,46
173,{ yogurt} => { cream cheese },0.013647059,0.097478992,2.43697479,58
253,{ other vegetables} => { brown bread},0.018823529,0.097323601,1.615723844,80
235,{ soda} => { bottled beer},0.017411765,0.097112861,1.196317852,74
307,{ other vegetables} => { curd},0.018352941,0.094890511,1.69447341,78
123,{ root vegetables} => { onions},0.010352941,0.093816631,2.768893627,44
301,{ root vegetables} => { curd},0.010352941,0.093816631,1.675296984,44
233,{ root vegetables} => { bottled beer},0.010352941,0.093816631,1.155712123,44
229,{ whole milk} => { frozen vegetables},0.023529412,0.093023256,1.813526776,100
255,{ whole milk} => { brown bread},0.023529412,0.093023256,1.544331395,100
227,{ other vegetables} => { frozen vegetables},0.017882353,0.092457421,1.802495591,76
201,{ yogurt} => { napkins},0.012941176,0.092436975,1.802096986,55
475,{ bottled water} => { pastry},0.010823529,0.090909091,0.975665748,46
223,{ yogurt} => { frozen vegetables},0.012705882,0.090756303,1.769331586,54
191,{ other vegetables} => { beef},0.017411765,0.090024331,1.763149338,74
353,{ bottled water} => { domestic eggs},0.010588235,0.088932806,1.32155394,45
217,{ whole milk} => { pork},0.022352941,0.088372093,1.532985287,95
181,{ other vegetables} => { chicken},0.016941176,0.087591241,2.103179513,72
241,{ other vegetables} => { bottled beer},0.016941176,0.087591241,1.079022533,72
275,{ yogurt} => { newspapers},0.012235294,0.087394958,1.19047619,52
269,{ bottled water} => { newspapers},0.010352941,0.086956522,1.184503902,44
339,{ rolls/buns} => { margarine},0.016705882,0.085956416,1.358047472,71
195,{ bottled water} => { napkins},0.010117647,0.084980237,1.656724807,43
457,{ bottled water} => { whipped/sour cream},0.010117647,0.084980237,1.111280024,43
467,{ rolls/buns} => { whipped/sour cream},0.016235294,0.083535109,1.092382194,69
279,{ other vegetables} => { newspapers},0.016,0.082725061,1.126863809,68
211,{ soda} => { pork},0.014823529,0.082677165,1.434195726,63
273,{ soda} => { newspapers},0.014823529,0.082677165,1.126211387,63
139,{ soda} => { canned beer},0.014823529,0.082677165,1.006813618,63
143,{ yogurt} => { dessert},0.011529412,0.082352941,2.160493827,49
291,{ yogurt} => { frankfurter},0.011529412,0.082352941,1.315789474,49
405,{ soda} => { pip fruit},0.014588235,0.081364829,1.077260202,62
243,{ whole milk} => { bottled beer},0.020470588,0.080930233,0.996966633,87
261,{ yogurt} => { coffee},0.011294118,0.080672269,1.246753247,48
125,{ other vegetables} => { onions},0.015529412,0.080291971,2.369728305,66
267,{ whole milk} => { coffee},0.020235294,0.08,1.236363636,86
387,{ rolls/buns} => { fruit/vegetable juice},0.015529412,0.079903148,1.088424288,66
247,{ soda} => { brown bread},0.014117647,0.078740157,1.307209646,60
359,{ soda} => { domestic eggs},0.014117647,0.078740157,1.170089753,60
193,{ whole milk} => { beef},0.019764706,0.078139535,1.530382596,84
297,{ whole milk} => { frankfurter},0.019764706,0.078139535,1.248470012,84
265,{ other vegetables} => { coffee},0.015058824,0.077858881,1.203273612,64
463,{ soda} => { whipped/sour cream},0.013882353,0.077427822,1.012517666,59
177,{ other vegetables} => { cream cheese },0.014823529,0.076642336,1.916058394,63
239,{ rolls/buns} => { bottled beer},0.014823529,0.076271186,0.939572587,63
189,{ rolls/buns} => { beef},0.014823529,0.076271186,1.493790518,63
497,{ soda} => { citrus fruit},0.013647059,0.076115486,0.86264217,58
295,{ other vegetables} => { frankfurter},0.014588235,0.075425791,1.205111318,62
207,{ whole milk} => { napkins},0.019058824,0.075348837,1.468956689,81
409,{ rolls/buns} => { pip fruit},0.014588235,0.075060533,0.993792099,62
205,{ other vegetables} => { napkins},0.014352941,0.074209246,1.446739883,61
187,{ yogurt} => { beef},0.010352941,0.07394958,1.448321264,44
237,{ yogurt} => { bottled beer},0.010352941,0.07394958,0.910973085,44
321,{ rolls/buns} => { butter},0.014352941,0.073849879,1.27586173,61
179,{ whole milk} => { cream cheese },0.018588235,0.073488372,1.837209302,79
161,{ soda} => { chocolate},0.012941176,0.072178478,1.640419948,55
251,{ rolls/buns} => { brown bread},0.013882353,0.071428571,1.185825893,59
183,{ whole milk} => { chicken},0.017882353,0.070697674,1.69754303,76
169,{ other vegetables} => { white bread},0.013647059,0.070559611,1.733400841,58
149,{ soda} => { waffles},0.011764706,0.065616798,1.700435311,50
289,{ soda} => { frankfurter},0.011764706,0.065616798,1.048388688,50
203,{ rolls/buns} => { napkins},0.012705882,0.065375303,1.274518515,54
213,{ rolls/buns} => { pork},0.012705882,0.065375303,1.134061373,54
119,{ other vegetables} => { hamburger meat},0.012470588,0.064476886,1.902963639,53
157,{ other vegetables} => { sugar},0.012470588,0.064476886,1.75658182,53
263,{ rolls/buns} => { coffee},0.012470588,0.064164649,0.991635483,53
305,{ rolls/buns} => { curd},0.012470588,0.064164649,1.145797302,53
165,{ other vegetables} => { chocolate},0.012235294,0.063260341,1.437735014,52
335,{ soda} => { margarine},0.011294118,0.062992126,0.995228756,48
141,{ rolls/buns} => { canned beer},0.012235294,0.062953995,0.766631746,52
129,{ other vegetables} => { salty snack},0.012,0.062043796,1.607842265,51
199,{ soda} => { napkins},0.011058824,0.06167979,1.202472971,47
171,{ whole milk} => { white bread},0.015529412,0.061395349,1.50826724,66
4,{} => { candles},0.010352941,0.010352941,1,44
6,{} => { sweet spreads},0.010352941,0.010352941,1,44
133,{ other vegetables} => { long life bakery product},0.011764706,0.060827251,1.700761941,50
159,{ whole milk} => { sugar},0.015294118,0.060465116,1.647286822,65
259,{ soda} => { coffee},0.010823529,0.060367454,0.932951563,46
145,{ other vegetables} => { dessert},0.011529412,0.059610706,1.563861104,49
121,{ whole milk} => { hamburger meat},0.015058824,0.059534884,1.757105943,64
155,{ whole milk} => { waffles},0.014823529,0.058604651,1.518718094,63
103,{ other vegetables} => { ham},0.011058824,0.057177616,2.113085793,47
167,{ whole milk} => { chocolate},0.014352941,0.056744186,1.289640592,61
115,{ other vegetables} => { hygiene articles},0.010588235,0.054744526,1.698279077,45
151,{ rolls/buns} => { waffles},0.010588235,0.054479419,1.411814209,45
175,{ rolls/buns} => { cream cheese },0.010588235,0.054479419,1.361985472,45
163,{ rolls/buns} => { chocolate},0.010588235,0.054479419,1.238168611,45
225,{ rolls/buns} => { frozen vegetables},0.010588235,0.054479419,1.062098763,45
135,{ whole milk} => { long life bakery product},0.013647059,0.053953488,1.508567931,58
147,{ whole milk} => { dessert},0.013647059,0.053953488,1.415446454,58
95,{ other vegetables} => { butter milk},0.010352941,0.053527981,1.911713591,44
111,{ other vegetables} => { oil},0.010352941,0.053527981,1.763518739,44
107,{ other vegetables} => { berries},0.010352941,0.053527981,1.710480581,44
153,{ other vegetables} => { waffles},0.010352941,0.053527981,1.387158032,44
105,{ whole milk} => { ham},0.013176471,0.052093023,1.925176946,56
117,{ whole milk} => { hygiene articles},0.012705882,0.050232558,1.558309285,54
109,{ whole milk} => { berries},0.012,0.04744186,1.515999301,51
131,{ whole milk} => { salty snack},0.011529412,0.045581395,1.181225184,49
89,{ whole milk} => { baking powder},0.011294118,0.044651163,2.206598161,48
127,{ whole milk} => { onions},0.011294118,0.044651163,1.317829457,48
97,{ whole milk} => { butter milk},0.011058824,0.04372093,1.561461794,47
101,{ whole milk} => { sliced cheese},0.010823529,0.042790698,1.782945736,46
113,{ whole milk} => { oil},0.010823529,0.042790698,1.409771047,46
99,{ whole milk} => { candy},0.010588235,0.041860465,1.400842337,45
91,{ whole milk} => { meat},0.010117647,0.04,1.619047619,43
93,{ whole milk} => { frozen meals},0.010117647,0.04,1.559633028,43
1,{} => { liquor},0.010117647,0.010117647,1,43
